/*
 Navicat Premium Data Transfer

 Source Server         : localhost
 Source Server Type    : MySQL
 Source Server Version : 50725
 Source Host           : localhost:3306
 Source Schema         : computer_room

 Target Server Type    : MySQL
 Target Server Version : 50725
 File Encoding         : 65001

 Date: 04/04/2026 00:40:02
*/

SET NAMES utf8mb4;
SET FOREIGN_KEY_CHECKS = 0;

-- ----------------------------
-- Table structure for acl_permission
-- ----------------------------
DROP TABLE IF EXISTS `acl_permission`;
CREATE TABLE `acl_permission`  (
  `id` char(19) CHARACTER SET utf8mb4 COLLATE utf8mb4_general_ci NOT NULL DEFAULT '' COMMENT '编号',
  `pid` char(19) CHARACTER SET utf8mb4 COLLATE utf8mb4_general_ci NOT NULL DEFAULT '' COMMENT '所属上级',
  `name` varchar(20) CHARACTER SET utf8mb4 COLLATE utf8mb4_general_ci NOT NULL DEFAULT '' COMMENT '名称',
  `type` tinyint(3) NOT NULL DEFAULT 0 COMMENT '类型(1:菜单,2:按钮)',
  `permission_value` varchar(50) CHARACTER SET utf8mb4 COLLATE utf8mb4_general_ci NULL DEFAULT NULL COMMENT '权限值',
  `path` varchar(100) CHARACTER SET utf8mb4 COLLATE utf8mb4_general_ci NULL DEFAULT NULL COMMENT '访问路径',
  `component` varchar(100) CHARACTER SET utf8mb4 COLLATE utf8mb4_general_ci NULL DEFAULT NULL COMMENT '组件路径',
  `icon` varchar(50) CHARACTER SET utf8mb4 COLLATE utf8mb4_general_ci NULL DEFAULT NULL COMMENT '图标',
  `status` tinyint(4) NULL DEFAULT NULL COMMENT '状态(0:禁止,1:正常)',
  `is_deleted` tinyint(1) UNSIGNED NOT NULL DEFAULT 0 COMMENT '逻辑删除 1（true）已删除， 0（false）未删除',
  `gmt_create` datetime NULL DEFAULT NULL COMMENT '创建时间',
  `gmt_modified` datetime NULL DEFAULT NULL COMMENT '更新时间',
  PRIMARY KEY (`id`) USING BTREE,
  INDEX `idx_pid`(`pid`) USING BTREE
) ENGINE = InnoDB CHARACTER SET = utf8mb4 COLLATE = utf8mb4_general_ci COMMENT = '权限' ROW_FORMAT = DYNAMIC;

-- ----------------------------
-- Records of acl_permission
-- ----------------------------
INSERT INTO `acl_permission` VALUES ('1', '0', '全部数据', 0, NULL, NULL, NULL, NULL, NULL, 0, '2019-11-15 17:13:06', '2019-11-15 17:13:06');
INSERT INTO `acl_permission` VALUES ('1195268474480156673', '1', '权限管理', 1, NULL, '/acl', 'Layout', 'acl', NULL, 0, '2019-11-15 17:13:06', '2019-11-18 13:54:25');
INSERT INTO `acl_permission` VALUES ('1195268616021139457', '1195268474480156673', '用户管理', 1, NULL, 'user/list', '/acl/user/list', 'user', NULL, 0, '2019-11-15 17:13:40', '2019-11-18 13:53:12');
INSERT INTO `acl_permission` VALUES ('1195268788138598401', '1195268474480156673', '角色管理', 1, NULL, 'role/list', '/acl/role/list', 'role', NULL, 0, '2019-11-15 17:14:21', '2019-11-15 17:14:21');
INSERT INTO `acl_permission` VALUES ('1195268893830864898', '1195268474480156673', '菜单管理', 1, NULL, 'menu/list', '/acl/menu/list', 'menu', NULL, 0, '2019-11-15 17:14:46', '2019-11-15 17:14:46');
INSERT INTO `acl_permission` VALUES ('1195269143060602882', '1195268616021139457', '查看', 2, 'user.list', '', '', NULL, NULL, 0, '2019-11-15 17:15:45', '2019-11-17 21:57:16');
INSERT INTO `acl_permission` VALUES ('1195269295926206466', '1195268616021139457', '添加', 2, 'user.add', 'user/add', '/acl/user/form', NULL, NULL, 0, '2019-11-15 17:16:22', '2019-11-15 17:16:22');
INSERT INTO `acl_permission` VALUES ('1195269473479483394', '1195268616021139457', '修改', 2, 'user.update', 'user/update/:id', '/acl/user/form', NULL, NULL, 0, '2019-11-15 17:17:04', '2019-11-15 17:17:04');
INSERT INTO `acl_permission` VALUES ('1195269547269873666', '1195268616021139457', '删除', 2, 'user.remove', '', '', NULL, NULL, 0, '2019-11-15 17:17:22', '2019-11-15 17:17:22');
INSERT INTO `acl_permission` VALUES ('1195269821262782465', '1195268788138598401', '修改', 2, 'role.update', 'role/update/:id', '/acl/role/form', NULL, NULL, 0, '2019-11-15 17:18:27', '2019-11-15 17:19:53');
INSERT INTO `acl_permission` VALUES ('1195269903542444034', '1195268788138598401', '查看', 2, 'role.list', '', '', NULL, NULL, 0, '2019-11-15 17:18:47', '2019-11-15 17:18:47');
INSERT INTO `acl_permission` VALUES ('1195270037005197313', '1195268788138598401', '添加', 2, 'role.add', 'role/add', '/acl/role/form', NULL, NULL, 0, '2019-11-15 17:19:19', '2019-11-18 11:05:42');
INSERT INTO `acl_permission` VALUES ('1195270442602782721', '1195268788138598401', '删除', 2, 'role.remove', '', '', NULL, NULL, 0, '2019-11-15 17:20:55', '2019-11-15 17:20:55');
INSERT INTO `acl_permission` VALUES ('1195270621548568578', '1195268788138598401', '角色权限', 2, 'role.acl', 'role/distribution/:id', '/acl/role/roleForm', NULL, NULL, 0, '2019-11-15 17:21:38', '2019-11-15 17:21:38');
INSERT INTO `acl_permission` VALUES ('1195270744097742849', '1195268893830864898', '查看', 2, 'permission.list', '', '', NULL, NULL, 0, '2019-11-15 17:22:07', '2019-11-15 17:22:07');
INSERT INTO `acl_permission` VALUES ('1195270810560684034', '1195268893830864898', '添加', 2, 'permission.add', '', '', NULL, NULL, 0, '2019-11-15 17:22:23', '2019-11-15 17:22:23');
INSERT INTO `acl_permission` VALUES ('1195270862100291586', '1195268893830864898', '修改', 2, 'permission.update', '', '', NULL, NULL, 0, '2019-11-15 17:22:35', '2019-11-15 17:22:35');
INSERT INTO `acl_permission` VALUES ('1195270887933009922', '1195268893830864898', '删除', 2, 'permission.remove', '', '', NULL, NULL, 0, '2019-11-15 17:22:41', '2019-11-15 17:22:41');
INSERT INTO `acl_permission` VALUES ('1195349439240048642', '1', '消息管理', 1, NULL, '/mqtt', 'Layout', 'mqtt', NULL, 0, '2019-11-15 22:34:49', '2019-11-15 22:34:49');
INSERT INTO `acl_permission` VALUES ('1195349699995734017', '1195349439240048642', '接收消息列表', 1, NULL, 'receiveReport', '/mqtt/receiveReport', 'receive', NULL, 0, '2019-11-15 22:35:52', '2019-11-15 22:35:52');
INSERT INTO `acl_permission` VALUES ('1195349979797753857', '1195349699995734017', '查看', 2, 'receiveReport.list', '', '', NULL, NULL, 0, '2019-11-15 22:36:58', '2019-11-15 22:36:58');
INSERT INTO `acl_permission` VALUES ('1195350188359520258', '1195349699995734017', '删除', 2, 'receiveReport.remove', '', '', NULL, NULL, 0, '2019-11-15 22:37:48', '2019-11-15 22:37:48');
INSERT INTO `acl_permission` VALUES ('1195350299365969922', '1', '操作管理', 1, NULL, '/deviceOption', 'Layout', 'form', NULL, 0, '2019-11-15 22:38:15', '2019-11-15 22:38:15');
INSERT INTO `acl_permission` VALUES ('1195350397751758850', '1195350299365969922', '指令列表', 1, NULL, 'command', '/deviceOption/command', 'write', NULL, 0, '2019-11-15 22:38:38', '2019-11-15 22:38:38');
INSERT INTO `acl_permission` VALUES ('1195350500512206850', '1195350299365969922', '操作记录', 1, NULL, 'index', '/deviceOption/index', 'table', NULL, 0, '2019-11-15 22:39:03', '2019-11-15 22:39:03');
INSERT INTO `acl_permission` VALUES ('1195350612172967938', '1195350397751758850', '查看', 2, 'command.list', '', '', NULL, NULL, 0, '2019-11-15 22:39:29', '2019-11-15 22:39:29');
INSERT INTO `acl_permission` VALUES ('1195350687590748161', '1195350500512206850', '查看', 2, 'index.list', '', '', NULL, NULL, 0, '2019-11-15 22:39:47', '2019-11-15 22:39:47');
INSERT INTO `acl_permission` VALUES ('1195351862889254913', '1', '统计分析', 1, NULL, '/statistics', 'Layout', 'statistics', NULL, 0, '2019-11-15 22:44:27', '2019-11-15 22:44:27');
INSERT INTO `acl_permission` VALUES ('1195351968841568257', '1195351862889254913', '柱状图', 1, NULL, 'barChart', '/statistics/barChart', 'bar', NULL, 0, '2019-11-15 22:44:53', '2019-11-15 22:44:53');
INSERT INTO `acl_permission` VALUES ('1195352054917074946', '1195351862889254913', '折线图', 1, NULL, 'lineChart', '/statistics/lineChart', 'line', NULL, 0, '2019-11-15 22:45:13', '2019-11-15 22:45:13');
INSERT INTO `acl_permission` VALUES ('1195352127734386690', '1195352054917074946', '查看', 2, 'lineChart.list', '', '', NULL, NULL, 0, '2019-11-15 22:45:30', '2019-11-15 22:45:30');
INSERT INTO `acl_permission` VALUES ('1195352215768633346', '1195351968841568257', '查看', 2, 'barChart.list', '', '', NULL, NULL, 0, '2019-11-15 22:45:51', '2019-11-15 22:45:51');
INSERT INTO `acl_permission` VALUES ('1195354076890370050', '1', '实时数据', 1, NULL, '/realTime', 'Layout', 'real', NULL, 0, '2019-11-15 22:53:15', '2019-11-15 22:53:15');
INSERT INTO `acl_permission` VALUES ('1195354153482555393', '1195354076890370050', '实时数据', 1, NULL, 'realTime', '/realTime/index', NULL, NULL, 0, '2019-11-15 22:53:33', '2019-11-15 22:53:58');
INSERT INTO `acl_permission` VALUES ('1195354315093282817', '1195354153482555393', '查看', 2, 'realTime.index', '', '', NULL, NULL, 0, '2019-11-15 22:54:12', '2019-11-15 22:54:12');
INSERT INTO `acl_permission` VALUES ('1196301740985311234', '1195268616021139457', '分配角色', 2, 'user.assgin', 'user/role/:id', '/acl/user/roleForm', NULL, NULL, 0, '2019-11-18 13:38:56', '2019-11-18 13:38:56');
INSERT INTO `acl_permission` VALUES ('1676510056486559745', '1', '环境管理', 1, NULL, '/environment', 'Layout', 'form', NULL, 0, '2023-07-05 16:35:20', '2023-07-05 16:35:20');
INSERT INTO `acl_permission` VALUES ('1676510329451864065', '1676510056486559745', '环境数据列表', 1, NULL, 'list', '/environment/list', 'table', NULL, 0, '2023-07-05 16:36:25', '2023-07-05 16:38:04');
INSERT INTO `acl_permission` VALUES ('1676510603935506434', '1676510056486559745', '手动上报', 1, NULL, 'save', '/environment/save', 'write', NULL, 0, '2023-07-05 17:05:44', '2023-07-05 17:05:44');
INSERT INTO `acl_permission` VALUES ('1676517704908955650', '1676510603935506434', '添加', 2, 'environment.add', '', '', NULL, NULL, 0, '2023-07-05 17:06:18', '2023-07-05 17:06:18');
INSERT INTO `acl_permission` VALUES ('1676517849331425282', '1676510329451864065', '查看', 2, 'environment.list', '', '', NULL, NULL, 0, '2023-07-05 16:37:31', '2023-07-05 16:37:31');
INSERT INTO `acl_permission` VALUES ('1676517993258967042', '1676510329451864065', '修改', 2, 'environment.update', 'edit/:id', '/eenvironment/save', NULL, NULL, 0, '2023-07-05 17:06:52', '2023-07-05 17:07:52');
INSERT INTO `acl_permission` VALUES ('1676518113207672833', '1676510329451864065', '删除', 2, 'environment.remove', '', '', NULL, NULL, 0, '2023-07-05 17:07:21', '2023-07-05 17:07:21');
INSERT INTO `acl_permission` VALUES ('2038621111754731521', '1195349439240048642', '发送消息列表', 1, NULL, 'sendCmd', '/mqtt/sendCmd', 'send', NULL, 0, NULL, NULL);
INSERT INTO `acl_permission` VALUES ('2038621240293371906', '2038621111754731521', '删除', 2, 'sendCmd.remove', '', '', NULL, NULL, 0, NULL, NULL);
INSERT INTO `acl_permission` VALUES ('2038621325903310850', '2038621111754731521', '查看', 2, 'sendCmd.list', '', '', NULL, NULL, 0, NULL, NULL);
INSERT INTO `acl_permission` VALUES ('2038621471886061569', '1195349439240048642', '命令响应消息', 1, NULL, 'receiveCmdResp', '/mqtt/receiveCmdResp', 'receive', NULL, 0, NULL, NULL);
INSERT INTO `acl_permission` VALUES ('2038621562986344449', '2038621471886061569', '查看', 2, 'receiveCmdResp.remove', '', '', NULL, NULL, 0, NULL, NULL);
INSERT INTO `acl_permission` VALUES ('2038621649925877762', '2038621471886061569', '查看', 2, 'receiveCmdResp.list', '', '', NULL, NULL, 0, NULL, NULL);
INSERT INTO `acl_permission` VALUES ('2038624344799752194', '1195350500512206850', '删除', 2, 'index.remove', '', '', NULL, NULL, 0, NULL, NULL);
INSERT INTO `acl_permission` VALUES ('2038624421140279298', '1195350397751758850', '删除', 2, 'command.remove', '', '', NULL, NULL, 0, NULL, NULL);
INSERT INTO `acl_permission` VALUES ('2040067027279822849', '1', '设备信息', 1, NULL, '/device', 'Layout', 'device', NULL, 0, NULL, NULL);
INSERT INTO `acl_permission` VALUES ('2040067341567410177', '2040067027279822849', '设备列表', 1, NULL, 'list', '/device/list', 'deviceList', NULL, 0, NULL, NULL);
INSERT INTO `acl_permission` VALUES ('2040067443568689154', '2040067027279822849', '添加设备', 1, NULL, 'save', '/device/save', 'deviceAdd', NULL, 0, NULL, NULL);
INSERT INTO `acl_permission` VALUES ('2040067557406294017', '2040067443568689154', '添加', 2, 'device.add', '', '', NULL, NULL, 0, NULL, NULL);
INSERT INTO `acl_permission` VALUES ('2040067640298323969', '2040067341567410177', '删除', 2, 'device.remove', '', '', NULL, NULL, 0, NULL, NULL);
INSERT INTO `acl_permission` VALUES ('2040067816593309697', '2040067341567410177', '修改', 2, 'device.update', 'edit/:id', '/device/save', NULL, NULL, 0, NULL, NULL);
INSERT INTO `acl_permission` VALUES ('2040067860495089666', '2040067341567410177', '查看', 2, 'device.list', '', '', NULL, NULL, 0, NULL, NULL);

-- ----------------------------
-- Table structure for acl_role
-- ----------------------------
DROP TABLE IF EXISTS `acl_role`;
CREATE TABLE `acl_role`  (
  `id` char(19) CHARACTER SET utf8 COLLATE utf8_general_ci NOT NULL DEFAULT '' COMMENT '角色id',
  `role_name` varchar(20) CHARACTER SET utf8 COLLATE utf8_general_ci NOT NULL DEFAULT '' COMMENT '角色名称',
  `role_code` varchar(20) CHARACTER SET utf8 COLLATE utf8_general_ci NULL DEFAULT NULL COMMENT '角色编码',
  `remark` varchar(255) CHARACTER SET utf8 COLLATE utf8_general_ci NULL DEFAULT NULL COMMENT '备注',
  `is_deleted` tinyint(1) UNSIGNED NOT NULL DEFAULT 0 COMMENT '逻辑删除 1（true）已删除， 0（false）未删除',
  `gmt_create` datetime NOT NULL COMMENT '创建时间',
  `gmt_modified` datetime NOT NULL COMMENT '更新时间',
  PRIMARY KEY (`id`) USING BTREE
) ENGINE = InnoDB CHARACTER SET = utf8 COLLATE = utf8_general_ci ROW_FORMAT = DYNAMIC;

-- ----------------------------
-- Records of acl_role
-- ----------------------------
INSERT INTO `acl_role` VALUES ('1', '普通管理员', 'admin', NULL, 0, '2019-11-11 13:09:32', '2019-11-18 10:27:18');
INSERT INTO `acl_role` VALUES ('1193757683205607426', '操作员', 'editor', NULL, 0, '2019-11-11 13:09:45', '2019-11-18 10:25:44');
INSERT INTO `acl_role` VALUES ('1196300996034977794', '观察员', 'viewer', NULL, 0, '2019-11-18 13:35:58', '2019-11-18 13:35:58');

-- ----------------------------
-- Table structure for acl_role_permission
-- ----------------------------
DROP TABLE IF EXISTS `acl_role_permission`;
CREATE TABLE `acl_role_permission`  (
  `id` char(19) CHARACTER SET utf8 COLLATE utf8_general_ci NOT NULL DEFAULT '',
  `role_id` char(19) CHARACTER SET utf8 COLLATE utf8_general_ci NOT NULL DEFAULT '',
  `permission_id` char(19) CHARACTER SET utf8 COLLATE utf8_general_ci NOT NULL DEFAULT '',
  `is_deleted` tinyint(1) UNSIGNED NOT NULL DEFAULT 0 COMMENT '逻辑删除 1（true）已删除， 0（false）未删除',
  `gmt_create` datetime NULL DEFAULT NULL COMMENT '创建时间',
  `gmt_modified` datetime NULL DEFAULT NULL COMMENT '更新时间',
  PRIMARY KEY (`id`) USING BTREE,
  INDEX `idx_role_id`(`role_id`) USING BTREE,
  INDEX `idx_permission_id`(`permission_id`) USING BTREE
) ENGINE = InnoDB CHARACTER SET = utf8 COLLATE = utf8_general_ci COMMENT = '角色权限' ROW_FORMAT = DYNAMIC;

-- ----------------------------
-- Records of acl_role_permission
-- ----------------------------
INSERT INTO `acl_role_permission` VALUES ('1196301979754455041', '1', '1', 1, '2019-11-18 13:39:53', '2019-11-18 13:39:53');
INSERT INTO `acl_role_permission` VALUES ('1196301979792203778', '1', '1195268474480156673', 1, '2019-11-18 13:39:53', '2019-11-18 13:39:53');
INSERT INTO `acl_role_permission` VALUES ('1196301979821563906', '1', '1195268616021139457', 1, '2019-11-18 13:39:53', '2019-11-18 13:39:53');
INSERT INTO `acl_role_permission` VALUES ('1196301979842535426', '1', '1195269143060602882', 1, '2019-11-18 13:39:53', '2019-11-18 13:39:53');
INSERT INTO `acl_role_permission` VALUES ('1196301979855118338', '1', '1195269295926206466', 1, '2019-11-18 13:39:53', '2019-11-18 13:39:53');
INSERT INTO `acl_role_permission` VALUES ('1196301979880284161', '1', '1195269473479483394', 1, '2019-11-18 13:39:53', '2019-11-18 13:39:53');
INSERT INTO `acl_role_permission` VALUES ('1196301979913838593', '1', '1195269547269873666', 1, '2019-11-18 13:39:53', '2019-11-18 13:39:53');
INSERT INTO `acl_role_permission` VALUES ('1196301979926421506', '1', '1196301740985311234', 1, '2019-11-18 13:39:53', '2019-11-18 13:39:53');
INSERT INTO `acl_role_permission` VALUES ('1196301979951587330', '1', '1195268788138598401', 1, '2019-11-18 13:39:53', '2019-11-18 13:39:53');
INSERT INTO `acl_role_permission` VALUES ('1196301980014501889', '1', '1195269821262782465', 1, '2019-11-18 13:39:53', '2019-11-18 13:39:53');
INSERT INTO `acl_role_permission` VALUES ('1196301980035473410', '1', '1195269903542444034', 1, '2019-11-18 13:39:53', '2019-11-18 13:39:53');
INSERT INTO `acl_role_permission` VALUES ('1196301980052250626', '1', '1195270037005197313', 1, '2019-11-18 13:39:53', '2019-11-18 13:39:53');
INSERT INTO `acl_role_permission` VALUES ('1196301980077416450', '1', '1195270442602782721', 1, '2019-11-18 13:39:53', '2019-11-18 13:39:53');
INSERT INTO `acl_role_permission` VALUES ('1196301980094193665', '1', '1195270621548568578', 1, '2019-11-18 13:39:53', '2019-11-18 13:39:53');
INSERT INTO `acl_role_permission` VALUES ('1196301980119359489', '1', '1195268893830864898', 1, '2019-11-18 13:39:53', '2019-11-18 13:39:53');
INSERT INTO `acl_role_permission` VALUES ('1196301980136136706', '1', '1195270744097742849', 1, '2019-11-18 13:39:53', '2019-11-18 13:39:53');
INSERT INTO `acl_role_permission` VALUES ('1196301980249382913', '1', '1195270810560684034', 1, '2019-11-18 13:39:53', '2019-11-18 13:39:53');
INSERT INTO `acl_role_permission` VALUES ('1196301980270354434', '1', '1195270862100291586', 1, '2019-11-18 13:39:53', '2019-11-18 13:39:53');
INSERT INTO `acl_role_permission` VALUES ('1196301980287131649', '1', '1195270887933009922', 1, '2019-11-18 13:39:53', '2019-11-18 13:39:53');
INSERT INTO `acl_role_permission` VALUES ('1196301980303908866', '1', '1195349439240048642', 1, '2019-11-18 13:39:53', '2019-11-18 13:39:53');
INSERT INTO `acl_role_permission` VALUES ('1196301980320686082', '1', '1195349699995734017', 1, '2019-11-18 13:39:53', '2019-11-18 13:39:53');
INSERT INTO `acl_role_permission` VALUES ('1196301980345851905', '1', '1195349979797753857', 1, '2019-11-18 13:39:53', '2019-11-18 13:39:53');
INSERT INTO `acl_role_permission` VALUES ('1196301980362629121', '1', '1195350117270261762', 1, '2019-11-18 13:39:53', '2019-11-18 13:39:53');
INSERT INTO `acl_role_permission` VALUES ('1196301980383600641', '1', '1195350188359520258', 1, '2019-11-18 13:39:53', '2019-11-18 13:39:53');
INSERT INTO `acl_role_permission` VALUES ('1196301980408766465', '1', '1195349810561781761', 1, '2019-11-18 13:39:53', '2019-11-18 13:39:53');
INSERT INTO `acl_role_permission` VALUES ('1196301980421349378', '1', '1195349876252971010', 1, '2019-11-18 13:39:53', '2019-11-18 13:39:53');
INSERT INTO `acl_role_permission` VALUES ('1196301980438126593', '1', '1195350299365969922', 1, '2019-11-18 13:39:53', '2019-11-18 13:39:53');
INSERT INTO `acl_role_permission` VALUES ('1196301980450709506', '1', '1195350397751758850', 1, '2019-11-18 13:39:53', '2019-11-18 13:39:53');
INSERT INTO `acl_role_permission` VALUES ('1196301980501041153', '1', '1195350612172967938', 1, '2019-11-18 13:39:53', '2019-11-18 13:39:53');
INSERT INTO `acl_role_permission` VALUES ('1196301980517818370', '1', '1195350500512206850', 1, '2019-11-18 13:39:53', '2019-11-18 13:39:53');
INSERT INTO `acl_role_permission` VALUES ('1196301980538789889', '1', '1195350687590748161', 1, '2019-11-18 13:39:53', '2019-11-18 13:39:53');
INSERT INTO `acl_role_permission` VALUES ('1196301980622675970', '1', '1195350831744782337', 1, '2019-11-18 13:39:53', '2019-11-18 13:39:53');
INSERT INTO `acl_role_permission` VALUES ('1196301980639453186', '1', '1195350919074385921', 1, '2019-11-18 13:39:53', '2019-11-18 13:39:53');
INSERT INTO `acl_role_permission` VALUES ('1196301980660424705', '1', '1195351159672246274', 1, '2019-11-18 13:39:53', '2019-11-18 13:39:53');
INSERT INTO `acl_role_permission` VALUES ('1196301980677201922', '1', '1195351326706208770', 1, '2019-11-18 13:39:53', '2019-11-18 13:39:53');
INSERT INTO `acl_role_permission` VALUES ('1196301980698173441', '1', '1195351566221938690', 1, '2019-11-18 13:39:53', '2019-11-18 13:39:53');
INSERT INTO `acl_role_permission` VALUES ('1196301980714950658', '1', '1195351020463296513', 1, '2019-11-18 13:39:53', '2019-11-18 13:39:53');
INSERT INTO `acl_role_permission` VALUES ('1196301980723339266', '1', '1195351862889254913', 1, '2019-11-18 13:39:53', '2019-11-18 13:39:53');
INSERT INTO `acl_role_permission` VALUES ('1196301980744310786', '1', '1195351968841568257', 1, '2019-11-18 13:39:53', '2019-11-18 13:39:53');
INSERT INTO `acl_role_permission` VALUES ('1196301980761088001', '1', '1195352215768633346', 1, '2019-11-18 13:39:53', '2019-11-18 13:39:53');
INSERT INTO `acl_role_permission` VALUES ('1196301980777865217', '1', '1195352054917074946', 1, '2019-11-18 13:39:53', '2019-11-18 13:39:53');
INSERT INTO `acl_role_permission` VALUES ('1196301980794642434', '1', '1195352127734386690', 1, '2019-11-18 13:39:53', '2019-11-18 13:39:53');
INSERT INTO `acl_role_permission` VALUES ('1196301980811419650', '1', '1195352547621965825', 1, '2019-11-18 13:39:53', '2019-11-18 13:39:53');
INSERT INTO `acl_role_permission` VALUES ('1196301980828196865', '1', '1195352613549205505', 1, '2019-11-18 13:39:53', '2019-11-18 13:39:53');
INSERT INTO `acl_role_permission` VALUES ('1196301980844974082', '1', '1195352856645701633', 1, '2019-11-18 13:39:53', '2019-11-18 13:39:53');
INSERT INTO `acl_role_permission` VALUES ('1196301980861751298', '1', '1195352909401657346', 1, '2019-11-18 13:39:53', '2019-11-18 13:39:53');
INSERT INTO `acl_role_permission` VALUES ('1196301980886917122', '1', '1195353051395624961', 1, '2019-11-18 13:39:53', '2019-11-18 13:39:53');
INSERT INTO `acl_role_permission` VALUES ('1196301980928860162', '1', '1195353672110673921', 1, '2019-11-18 13:39:53', '2019-11-18 13:39:53');
INSERT INTO `acl_role_permission` VALUES ('1196301980954025986', '1', '1195354076890370050', 1, '2019-11-18 13:39:53', '2019-11-18 13:39:53');
INSERT INTO `acl_role_permission` VALUES ('1196301980970803201', '1', '1195354153482555393', 1, '2019-11-18 13:39:53', '2019-11-18 13:39:53');
INSERT INTO `acl_role_permission` VALUES ('1196301980987580418', '1', '1195354315093282817', 1, '2019-11-18 13:39:53', '2019-11-18 13:39:53');
INSERT INTO `acl_role_permission` VALUES ('1196305293070077953', '1', '1', 1, '2019-11-18 13:53:03', '2019-11-18 13:53:03');
INSERT INTO `acl_role_permission` VALUES ('1196305293099438081', '1', '1195268474480156673', 1, '2019-11-18 13:53:03', '2019-11-18 13:53:03');
INSERT INTO `acl_role_permission` VALUES ('1196305293120409602', '1', '1195268616021139457', 1, '2019-11-18 13:53:03', '2019-11-18 13:53:03');
INSERT INTO `acl_role_permission` VALUES ('1196305293153964034', '1', '1195269143060602882', 1, '2019-11-18 13:53:03', '2019-11-18 13:53:03');
INSERT INTO `acl_role_permission` VALUES ('1196305293183324162', '1', '1195269295926206466', 1, '2019-11-18 13:53:03', '2019-11-18 13:53:03');
INSERT INTO `acl_role_permission` VALUES ('1196305293212684290', '1', '1195269473479483394', 1, '2019-11-18 13:53:03', '2019-11-18 13:53:03');
INSERT INTO `acl_role_permission` VALUES ('1196305293237850114', '1', '1195269547269873666', 1, '2019-11-18 13:53:03', '2019-11-18 13:53:03');
INSERT INTO `acl_role_permission` VALUES ('1196305293271404545', '1', '1196301740985311234', 1, '2019-11-18 13:53:03', '2019-11-18 13:53:03');
INSERT INTO `acl_role_permission` VALUES ('1196305293485314049', '1', '1195268788138598401', 1, '2019-11-18 13:53:03', '2019-11-18 13:53:03');
INSERT INTO `acl_role_permission` VALUES ('1196305293506285569', '1', '1195269821262782465', 1, '2019-11-18 13:53:03', '2019-11-18 13:53:03');
INSERT INTO `acl_role_permission` VALUES ('1196305293527257089', '1', '1195269903542444034', 1, '2019-11-18 13:53:03', '2019-11-18 13:53:03');
INSERT INTO `acl_role_permission` VALUES ('1196305293552422914', '1', '1195270037005197313', 1, '2019-11-18 13:53:03', '2019-11-18 13:53:03');
INSERT INTO `acl_role_permission` VALUES ('1196305293565005825', '1', '1195270442602782721', 1, '2019-11-18 13:53:03', '2019-11-18 13:53:03');
INSERT INTO `acl_role_permission` VALUES ('1196305293594365954', '1', '1195270621548568578', 1, '2019-11-18 13:53:03', '2019-11-18 13:53:03');
INSERT INTO `acl_role_permission` VALUES ('1196305293611143169', '1', '1195268893830864898', 1, '2019-11-18 13:53:03', '2019-11-18 13:53:03');
INSERT INTO `acl_role_permission` VALUES ('1196305293627920385', '1', '1195270744097742849', 1, '2019-11-18 13:53:03', '2019-11-18 13:53:03');
INSERT INTO `acl_role_permission` VALUES ('1196305293657280513', '1', '1195349439240048642', 1, '2019-11-18 13:53:03', '2019-11-18 13:53:03');
INSERT INTO `acl_role_permission` VALUES ('1196305293674057729', '1', '1195349699995734017', 1, '2019-11-18 13:53:03', '2019-11-18 13:53:03');
INSERT INTO `acl_role_permission` VALUES ('1196305293690834946', '1', '1195349979797753857', 1, '2019-11-18 13:53:03', '2019-11-18 13:53:03');
INSERT INTO `acl_role_permission` VALUES ('1196305293716000770', '1', '1195350117270261762', 1, '2019-11-18 13:53:03', '2019-11-18 13:53:03');
INSERT INTO `acl_role_permission` VALUES ('1196305293736972290', '1', '1195350188359520258', 1, '2019-11-18 13:53:03', '2019-11-18 13:53:03');
INSERT INTO `acl_role_permission` VALUES ('1196305293749555202', '1', '1195349810561781761', 1, '2019-11-18 13:53:03', '2019-11-18 13:53:03');
INSERT INTO `acl_role_permission` VALUES ('1196305293766332417', '1', '1195349876252971010', 1, '2019-11-18 13:53:03', '2019-11-18 13:53:03');
INSERT INTO `acl_role_permission` VALUES ('1196305293795692546', '1', '1195350299365969922', 1, '2019-11-18 13:53:03', '2019-11-18 13:53:03');
INSERT INTO `acl_role_permission` VALUES ('1196305293812469762', '1', '1195350397751758850', 1, '2019-11-18 13:53:03', '2019-11-18 13:53:03');
INSERT INTO `acl_role_permission` VALUES ('1196305293837635586', '1', '1195350612172967938', 1, '2019-11-18 13:53:03', '2019-11-18 13:53:03');
INSERT INTO `acl_role_permission` VALUES ('1196305293858607106', '1', '1195350500512206850', 1, '2019-11-18 13:53:03', '2019-11-18 13:53:03');
INSERT INTO `acl_role_permission` VALUES ('1196305293875384322', '1', '1195350687590748161', 1, '2019-11-18 13:53:03', '2019-11-18 13:53:03');
INSERT INTO `acl_role_permission` VALUES ('1196305293892161538', '1', '1195350831744782337', 1, '2019-11-18 13:53:03', '2019-11-18 13:53:03');
INSERT INTO `acl_role_permission` VALUES ('1196305293950881794', '1', '1195350919074385921', 1, '2019-11-18 13:53:03', '2019-11-18 13:53:03');
INSERT INTO `acl_role_permission` VALUES ('1196305293976047617', '1', '1195351159672246274', 1, '2019-11-18 13:53:03', '2019-11-18 13:53:03');
INSERT INTO `acl_role_permission` VALUES ('1196305294127042561', '1', '1195351326706208770', 1, '2019-11-18 13:53:03', '2019-11-18 13:53:03');
INSERT INTO `acl_role_permission` VALUES ('1196305294156402690', '1', '1195351566221938690', 1, '2019-11-18 13:53:03', '2019-11-18 13:53:03');
INSERT INTO `acl_role_permission` VALUES ('1196305294177374209', '1', '1195351862889254913', 1, '2019-11-18 13:53:03', '2019-11-18 13:53:03');
INSERT INTO `acl_role_permission` VALUES ('1196305294194151425', '1', '1195351968841568257', 1, '2019-11-18 13:53:03', '2019-11-18 13:53:03');
INSERT INTO `acl_role_permission` VALUES ('1196305294223511554', '1', '1195352215768633346', 1, '2019-11-18 13:53:03', '2019-11-18 13:53:03');
INSERT INTO `acl_role_permission` VALUES ('1196305294240288770', '1', '1195352054917074946', 1, '2019-11-18 13:53:03', '2019-11-18 13:53:03');
INSERT INTO `acl_role_permission` VALUES ('1196305294248677377', '1', '1195352127734386690', 1, '2019-11-18 13:53:03', '2019-11-18 13:53:03');
INSERT INTO `acl_role_permission` VALUES ('1196305294248677378', '1', '1195352547621965825', 1, '2019-11-18 13:53:03', '2019-11-18 13:53:03');
INSERT INTO `acl_role_permission` VALUES ('1196305294319980546', '1', '1195353513549205505', 1, '2019-11-18 13:53:03', '2019-11-18 13:53:03');
INSERT INTO `acl_role_permission` VALUES ('1196305294319980547', '1', '1195352856645701633', 1, '2019-11-18 13:53:03', '2019-11-18 13:53:03');
INSERT INTO `acl_role_permission` VALUES ('1196305294319980548', '1', '1195352909401657346', 1, '2019-11-18 13:53:03', '2019-11-18 13:53:03');
INSERT INTO `acl_role_permission` VALUES ('1196305294378700802', '1', '1195353051395624961', 1, '2019-11-18 13:53:03', '2019-11-18 13:53:03');
INSERT INTO `acl_role_permission` VALUES ('1196305294378700803', '1', '1195353672110673921', 1, '2019-11-18 13:53:03', '2019-11-18 13:53:03');
INSERT INTO `acl_role_permission` VALUES ('1196305294458392577', '1', '1195354076890370050', 1, '2019-11-18 13:53:03', '2019-11-18 13:53:03');
INSERT INTO `acl_role_permission` VALUES ('1196305294483558402', '1', '1195354153482555393', 1, '2019-11-18 13:53:03', '2019-11-18 13:53:03');
INSERT INTO `acl_role_permission` VALUES ('1196305294500335618', '1', '1195354315093282817', 1, '2019-11-18 13:53:03', '2019-11-18 13:53:03');
INSERT INTO `acl_role_permission` VALUES ('1196305566656139266', '1', '1', 1, '2019-11-18 13:54:08', '2019-11-18 13:54:08');
INSERT INTO `acl_role_permission` VALUES ('1196305566689693698', '1', '1195268474480156673', 1, '2019-11-18 13:54:08', '2019-11-18 13:54:08');
INSERT INTO `acl_role_permission` VALUES ('1196305566706470913', '1', '1195268616021139457', 1, '2019-11-18 13:54:08', '2019-11-18 13:54:08');
INSERT INTO `acl_role_permission` VALUES ('1196305566740025346', '1', '1195269143060602882', 1, '2019-11-18 13:54:08', '2019-11-18 13:54:08');
INSERT INTO `acl_role_permission` VALUES ('1196305566756802561', '1', '1195269295926206466', 1, '2019-11-18 13:54:08', '2019-11-18 13:54:08');
INSERT INTO `acl_role_permission` VALUES ('1196305566781968385', '1', '1195269473479483394', 1, '2019-11-18 13:54:08', '2019-11-18 13:54:08');
INSERT INTO `acl_role_permission` VALUES ('1196305566811328514', '1', '1195269547269873666', 1, '2019-11-18 13:54:08', '2019-11-18 13:54:08');
INSERT INTO `acl_role_permission` VALUES ('1196305566828105730', '1', '1196301740985311234', 1, '2019-11-18 13:54:08', '2019-11-18 13:54:08');
INSERT INTO `acl_role_permission` VALUES ('1196305566853271554', '1', '1195268788138598401', 1, '2019-11-18 13:54:08', '2019-11-18 13:54:08');
INSERT INTO `acl_role_permission` VALUES ('1196305566878437378', '1', '1195269821262782465', 1, '2019-11-18 13:54:08', '2019-11-18 13:54:08');
INSERT INTO `acl_role_permission` VALUES ('1196305566895214593', '1', '1195269903542444034', 1, '2019-11-18 13:54:08', '2019-11-18 13:54:08');
INSERT INTO `acl_role_permission` VALUES ('1196305566916186113', '1', '1195270037005197313', 1, '2019-11-18 13:54:08', '2019-11-18 13:54:08');
INSERT INTO `acl_role_permission` VALUES ('1196305566949740546', '1', '1195270442602782721', 1, '2019-11-18 13:54:08', '2019-11-18 13:54:08');
INSERT INTO `acl_role_permission` VALUES ('1196305566966517761', '1', '1195270621548568578', 1, '2019-11-18 13:54:08', '2019-11-18 13:54:08');
INSERT INTO `acl_role_permission` VALUES ('1196305566991683585', '1', '1195268893830864898', 1, '2019-11-18 13:54:08', '2019-11-18 13:54:08');
INSERT INTO `acl_role_permission` VALUES ('1196305567012655106', '1', '1195270744097742849', 1, '2019-11-18 13:54:08', '2019-11-18 13:54:08');
INSERT INTO `acl_role_permission` VALUES ('1196305567029432322', '1', '1195270810560684034', 1, '2019-11-18 13:54:08', '2019-11-18 13:54:08');
INSERT INTO `acl_role_permission` VALUES ('1196305567042015233', '1', '1195270862100291586', 1, '2019-11-18 13:54:08', '2019-11-18 13:54:08');
INSERT INTO `acl_role_permission` VALUES ('1196305567100735490', '1', '1195270887933009922', 1, '2019-11-18 13:54:08', '2019-11-18 13:54:08');
INSERT INTO `acl_role_permission` VALUES ('1196305567117512705', '1', '1195349439240048642', 1, '2019-11-18 13:54:08', '2019-11-18 13:54:08');
INSERT INTO `acl_role_permission` VALUES ('1196305567142678530', '1', '1195349699995734017', 1, '2019-11-18 13:54:08', '2019-11-18 13:54:08');
INSERT INTO `acl_role_permission` VALUES ('1196305567155261442', '1', '1195349979797753857', 1, '2019-11-18 13:54:08', '2019-11-18 13:54:08');
INSERT INTO `acl_role_permission` VALUES ('1196305567172038658', '1', '1195350117270261762', 1, '2019-11-18 13:54:08', '2019-11-18 13:54:08');
INSERT INTO `acl_role_permission` VALUES ('1196305567188815873', '1', '1195350188359520258', 1, '2019-11-18 13:54:08', '2019-11-18 13:54:08');
INSERT INTO `acl_role_permission` VALUES ('1196305567218176001', '1', '1195349810561781761', 1, '2019-11-18 13:54:08', '2019-11-18 13:54:08');
INSERT INTO `acl_role_permission` VALUES ('1196305567234953217', '1', '1195349876252971010', 1, '2019-11-18 13:54:08', '2019-11-18 13:54:08');
INSERT INTO `acl_role_permission` VALUES ('1196305567251730434', '1', '1195350299365969922', 1, '2019-11-18 13:54:08', '2019-11-18 13:54:08');
INSERT INTO `acl_role_permission` VALUES ('1196305567272701954', '1', '1195350397751758850', 1, '2019-11-18 13:54:08', '2019-11-18 13:54:08');
INSERT INTO `acl_role_permission` VALUES ('1196305567289479170', '1', '1195350612172967938', 1, '2019-11-18 13:54:08', '2019-11-18 13:54:08');
INSERT INTO `acl_role_permission` VALUES ('1196305567310450690', '1', '1195350500512206850', 1, '2019-11-18 13:54:08', '2019-11-18 13:54:08');
INSERT INTO `acl_role_permission` VALUES ('1196305567327227905', '1', '1195350687590748161', 1, '2019-11-18 13:54:08', '2019-11-18 13:54:08');
INSERT INTO `acl_role_permission` VALUES ('1196305567448862722', '1', '1195350831744782337', 1, '2019-11-18 13:54:08', '2019-11-18 13:54:08');
INSERT INTO `acl_role_permission` VALUES ('1196305567478222850', '1', '1195350919074385921', 1, '2019-11-18 13:54:08', '2019-11-18 13:54:08');
INSERT INTO `acl_role_permission` VALUES ('1196305567495000065', '1', '1195351159672246274', 1, '2019-11-18 13:54:08', '2019-11-18 13:54:08');
INSERT INTO `acl_role_permission` VALUES ('1196305567520165889', '1', '1195351326706208770', 1, '2019-11-18 13:54:08', '2019-11-18 13:54:08');
INSERT INTO `acl_role_permission` VALUES ('1196305567541137409', '1', '1195351566221938690', 1, '2019-11-18 13:54:08', '2019-11-18 13:54:08');
INSERT INTO `acl_role_permission` VALUES ('1196305567570497538', '1', '1195351862889254913', 1, '2019-11-18 13:54:08', '2019-11-18 13:54:08');
INSERT INTO `acl_role_permission` VALUES ('1196305567587274754', '1', '1195351968841568257', 1, '2019-11-18 13:54:08', '2019-11-18 13:54:08');
INSERT INTO `acl_role_permission` VALUES ('1196305567604051970', '1', '1195352215768633346', 1, '2019-11-18 13:54:08', '2019-11-18 13:54:08');
INSERT INTO `acl_role_permission` VALUES ('1196305567633412098', '1', '1195352054917074946', 1, '2019-11-18 13:54:08', '2019-11-18 13:54:08');
INSERT INTO `acl_role_permission` VALUES ('1196305567683743745', '1', '1195352127734386690', 1, '2019-11-18 13:54:08', '2019-11-18 13:54:08');
INSERT INTO `acl_role_permission` VALUES ('1196305567721492481', '1', '1195352547621965825', 1, '2019-11-18 13:54:08', '2019-11-18 13:54:08');
INSERT INTO `acl_role_permission` VALUES ('1196305567742464002', '1', '1195353513549205505', 1, '2019-11-18 13:54:08', '2019-11-18 13:54:08');
INSERT INTO `acl_role_permission` VALUES ('1196305567771824129', '1', '1195352856645701633', 1, '2019-11-18 13:54:08', '2019-11-18 13:54:08');
INSERT INTO `acl_role_permission` VALUES ('1196305567792795650', '1', '1195352909401657346', 1, '2019-11-18 13:54:08', '2019-11-18 13:54:08');
INSERT INTO `acl_role_permission` VALUES ('1196305567809572866', '1', '1195353051395624961', 1, '2019-11-18 13:54:08', '2019-11-18 13:54:08');
INSERT INTO `acl_role_permission` VALUES ('1196305567843127298', '1', '1195353672110673921', 1, '2019-11-18 13:54:08', '2019-11-18 13:54:08');
INSERT INTO `acl_role_permission` VALUES ('1196305567868293122', '1', '1195354076890370050', 1, '2019-11-18 13:54:08', '2019-11-18 13:54:08');
INSERT INTO `acl_role_permission` VALUES ('1196305567885070338', '1', '1195354153482555393', 1, '2019-11-18 13:54:08', '2019-11-18 13:54:08');
INSERT INTO `acl_role_permission` VALUES ('1196305567910236162', '1', '1195354315093282817', 1, '2019-11-18 13:54:08', '2019-11-18 13:54:08');
INSERT INTO `acl_role_permission` VALUES ('1196312702601695234', '1', '1', 0, '2019-11-18 14:22:29', '2019-11-18 14:22:29');
INSERT INTO `acl_role_permission` VALUES ('1196312702652026881', '1', '1195268474480156673', 0, '2019-11-18 14:22:29', '2019-11-18 14:22:29');
INSERT INTO `acl_role_permission` VALUES ('1196312702668804098', '1', '1195268616021139457', 0, '2019-11-18 14:22:29', '2019-11-18 14:22:29');
INSERT INTO `acl_role_permission` VALUES ('1196312702698164226', '1', '1195269143060602882', 0, '2019-11-18 14:22:29', '2019-11-18 14:22:29');
INSERT INTO `acl_role_permission` VALUES ('1196312702723330049', '1', '1195269295926206466', 0, '2019-11-18 14:22:29', '2019-11-18 14:22:29');
INSERT INTO `acl_role_permission` VALUES ('1196312702744301569', '1', '1195269473479483394', 0, '2019-11-18 14:22:29', '2019-11-18 14:22:29');
INSERT INTO `acl_role_permission` VALUES ('1196312702765273089', '1', '1195269547269873666', 0, '2019-11-18 14:22:29', '2019-11-18 14:22:29');
INSERT INTO `acl_role_permission` VALUES ('1196312702790438913', '1', '1196301740985311234', 0, '2019-11-18 14:22:29', '2019-11-18 14:22:29');
INSERT INTO `acl_role_permission` VALUES ('1196312702945628161', '1', '1195268788138598401', 0, '2019-11-18 14:22:29', '2019-11-18 14:22:29');
INSERT INTO `acl_role_permission` VALUES ('1196312702970793985', '1', '1195269821262782465', 0, '2019-11-18 14:22:29', '2019-11-18 14:22:29');
INSERT INTO `acl_role_permission` VALUES ('1196312703000154114', '1', '1195269903542444034', 0, '2019-11-18 14:22:29', '2019-11-18 14:22:29');
INSERT INTO `acl_role_permission` VALUES ('1196312703025319938', '1', '1195270037005197313', 0, '2019-11-18 14:22:29', '2019-11-18 14:22:29');
INSERT INTO `acl_role_permission` VALUES ('1196312703046291458', '1', '1195270442602782721', 0, '2019-11-18 14:22:29', '2019-11-18 14:22:29');
INSERT INTO `acl_role_permission` VALUES ('1196312703063068673', '1', '1195270621548568578', 0, '2019-11-18 14:22:29', '2019-11-18 14:22:29');
INSERT INTO `acl_role_permission` VALUES ('1196312703084040193', '1', '1195268893830864898', 0, '2019-11-18 14:22:29', '2019-11-18 14:22:29');
INSERT INTO `acl_role_permission` VALUES ('1196312703113400321', '1', '1195270744097742849', 0, '2019-11-18 14:22:29', '2019-11-18 14:22:29');
INSERT INTO `acl_role_permission` VALUES ('1196312703134371842', '1', '1195270810560684034', 0, '2019-11-18 14:22:30', '2019-11-18 14:22:30');
INSERT INTO `acl_role_permission` VALUES ('1196312703159537665', '1', '1195270862100291586', 0, '2019-11-18 14:22:30', '2019-11-18 14:22:30');
INSERT INTO `acl_role_permission` VALUES ('1196312703184703490', '1', '1195270887933009922', 0, '2019-11-18 14:22:30', '2019-11-18 14:22:30');
INSERT INTO `acl_role_permission` VALUES ('1196312703209869313', '1', '1195349439240048642', 0, '2019-11-18 14:22:30', '2019-11-18 14:22:30');
INSERT INTO `acl_role_permission` VALUES ('1196312703230840834', '1', '1195349699995734017', 0, '2019-11-18 14:22:30', '2019-11-18 14:22:30');
INSERT INTO `acl_role_permission` VALUES ('1196312703251812354', '1', '1195349979797753857', 0, '2019-11-18 14:22:30', '2019-11-18 14:22:30');
INSERT INTO `acl_role_permission` VALUES ('1196312703272783873', '1', '1195350117270261762', 0, '2019-11-18 14:22:30', '2019-11-18 14:22:30');
INSERT INTO `acl_role_permission` VALUES ('1196312703293755394', '1', '1195350188359520258', 0, '2019-11-18 14:22:30', '2019-11-18 14:22:30');
INSERT INTO `acl_role_permission` VALUES ('1196312703327309826', '1', '1195349810561781761', 0, '2019-11-18 14:22:30', '2019-11-18 14:22:30');
INSERT INTO `acl_role_permission` VALUES ('1196312703348281345', '1', '1195349876252971010', 0, '2019-11-18 14:22:30', '2019-11-18 14:22:30');
INSERT INTO `acl_role_permission` VALUES ('1196312703365058561', '1', '1195350299365969922', 0, '2019-11-18 14:22:30', '2019-11-18 14:22:30');
INSERT INTO `acl_role_permission` VALUES ('1196312703386030082', '1', '1195350397751758850', 0, '2019-11-18 14:22:30', '2019-11-18 14:22:30');
INSERT INTO `acl_role_permission` VALUES ('1196312703440556034', '1', '1195350612172967938', 0, '2019-11-18 14:22:30', '2019-11-18 14:22:30');
INSERT INTO `acl_role_permission` VALUES ('1196312703486693378', '1', '1195350500512206850', 0, '2019-11-18 14:22:30', '2019-11-18 14:22:30');
INSERT INTO `acl_role_permission` VALUES ('1196312703511859202', '1', '1195350687590748161', 0, '2019-11-18 14:22:30', '2019-11-18 14:22:30');
INSERT INTO `acl_role_permission` VALUES ('1196312703654465537', '1', '1195350831744782337', 0, '2019-11-18 14:22:30', '2019-11-18 14:22:30');
INSERT INTO `acl_role_permission` VALUES ('1196312703683825665', '1', '1195350919074385921', 0, '2019-11-18 14:22:30', '2019-11-18 14:22:30');
INSERT INTO `acl_role_permission` VALUES ('1196312703700602882', '1', '1195351159672246274', 0, '2019-11-18 14:22:30', '2019-11-18 14:22:30');
INSERT INTO `acl_role_permission` VALUES ('1196312703717380098', '1', '1195351326706208770', 0, '2019-11-18 14:22:30', '2019-11-18 14:22:30');
INSERT INTO `acl_role_permission` VALUES ('1196312703738351618', '1', '1195351566221938690', 0, '2019-11-18 14:22:30', '2019-11-18 14:22:30');
INSERT INTO `acl_role_permission` VALUES ('1196312703759323137', '1', '1195351020463296513', 0, '2019-11-18 14:22:30', '2019-11-18 14:22:30');
INSERT INTO `acl_role_permission` VALUES ('1196312703776100353', '1', '1195351862889254913', 0, '2019-11-18 14:22:30', '2019-11-18 14:22:30');
INSERT INTO `acl_role_permission` VALUES ('1196312703792877570', '1', '1195351968841568257', 0, '2019-11-18 14:22:30', '2019-11-18 14:22:30');
INSERT INTO `acl_role_permission` VALUES ('1196312703830626305', '1', '1195352215768633346', 0, '2019-11-18 14:22:30', '2019-11-18 14:22:30');
INSERT INTO `acl_role_permission` VALUES ('1196312703843209217', '1', '1195352054917074946', 0, '2019-11-18 14:22:30', '2019-11-18 14:22:30');
INSERT INTO `acl_role_permission` VALUES ('1196312703868375041', '1', '1195352127734386690', 0, '2019-11-18 14:22:30', '2019-11-18 14:22:30');
INSERT INTO `acl_role_permission` VALUES ('1196312703889346561', '1', '1195352547621965825', 0, '2019-11-18 14:22:30', '2019-11-18 14:22:30');
INSERT INTO `acl_role_permission` VALUES ('1196312703901929473', '1', '1195353513549205505', 0, '2019-11-18 14:22:30', '2019-11-18 14:22:30');
INSERT INTO `acl_role_permission` VALUES ('1196312703918706689', '1', '1195352856645701633', 0, '2019-11-18 14:22:30', '2019-11-18 14:22:30');
INSERT INTO `acl_role_permission` VALUES ('1196312703952261121', '1', '1195352909401657346', 0, '2019-11-18 14:22:30', '2019-11-18 14:22:30');
INSERT INTO `acl_role_permission` VALUES ('1196312703973232642', '1', '1195353051395624961', 0, '2019-11-18 14:22:30', '2019-11-18 14:22:30');
INSERT INTO `acl_role_permission` VALUES ('1196312703990009857', '1', '1195353672110673921', 0, '2019-11-18 14:22:30', '2019-11-18 14:22:30');
INSERT INTO `acl_role_permission` VALUES ('1196312704048730114', '1', '1195354076890370050', 0, '2019-11-18 14:22:30', '2019-11-18 14:22:30');
INSERT INTO `acl_role_permission` VALUES ('1196312704069701633', '1', '1195354153482555393', 0, '2019-11-18 14:22:30', '2019-11-18 14:22:30');
INSERT INTO `acl_role_permission` VALUES ('1196312704094867457', '1', '1195354315093282817', 0, '2019-11-18 14:22:30', '2019-11-18 14:22:30');
INSERT INTO `acl_role_permission` VALUES ('1674662930727071745', '1193757683205607426', '1', 0, '2023-06-30 14:15:31', '2023-06-30 14:15:31');
INSERT INTO `acl_role_permission` VALUES ('1674662930727071746', '1193757683205607426', '1195349439240048642', 0, '2023-06-30 14:15:31', '2023-06-30 14:15:31');
INSERT INTO `acl_role_permission` VALUES ('1674662930727071747', '1193757683205607426', '1195349699995734017', 0, '2023-06-30 14:15:31', '2023-06-30 14:15:31');
INSERT INTO `acl_role_permission` VALUES ('1674662930727071748', '1193757683205607426', '1195349979797753857', 0, '2023-06-30 14:15:31', '2023-06-30 14:15:31');
INSERT INTO `acl_role_permission` VALUES ('1674662930727071749', '1193757683205607426', '1195350117270261762', 0, '2023-06-30 14:15:31', '2023-06-30 14:15:31');
INSERT INTO `acl_role_permission` VALUES ('1674662930727071750', '1193757683205607426', '1195350188359520258', 0, '2023-06-30 14:15:31', '2023-06-30 14:15:31');
INSERT INTO `acl_role_permission` VALUES ('1674662930727071751', '1193757683205607426', '1195349810561781761', 0, '2023-06-30 14:15:31', '2023-06-30 14:15:31');
INSERT INTO `acl_role_permission` VALUES ('1674662930727071752', '1193757683205607426', '1195349876252971010', 0, '2023-06-30 14:15:31', '2023-06-30 14:15:31');
INSERT INTO `acl_role_permission` VALUES ('1674662930727071753', '1193757683205607426', '1195350299365969922', 0, '2023-06-30 14:15:31', '2023-06-30 14:15:31');
INSERT INTO `acl_role_permission` VALUES ('1674662930727071754', '1193757683205607426', '1195350397751758850', 0, '2023-06-30 14:15:31', '2023-06-30 14:15:31');
INSERT INTO `acl_role_permission` VALUES ('1674662930727071755', '1193757683205607426', '1195350612172967938', 0, '2023-06-30 14:15:31', '2023-06-30 14:15:31');
INSERT INTO `acl_role_permission` VALUES ('1674662930727071756', '1193757683205607426', '1195350500512206850', 0, '2023-06-30 14:15:31', '2023-06-30 14:15:31');
INSERT INTO `acl_role_permission` VALUES ('1674662930727071757', '1193757683205607426', '1195350687590748161', 0, '2023-06-30 14:15:31', '2023-06-30 14:15:31');
INSERT INTO `acl_role_permission` VALUES ('1674662930727071758', '1193757683205607426', '1195350831744782337', 0, '2023-06-30 14:15:31', '2023-06-30 14:15:31');
INSERT INTO `acl_role_permission` VALUES ('1674662930727071759', '1193757683205607426', '1195350919074385921', 0, '2023-06-30 14:15:31', '2023-06-30 14:15:31');
INSERT INTO `acl_role_permission` VALUES ('1674662930727071760', '1193757683205607426', '1195351159672246274', 0, '2023-06-30 14:15:31', '2023-06-30 14:15:31');
INSERT INTO `acl_role_permission` VALUES ('1674662930727071761', '1193757683205607426', '1195351326706208770', 0, '2023-06-30 14:15:31', '2023-06-30 14:15:31');
INSERT INTO `acl_role_permission` VALUES ('1674662930727071762', '1193757683205607426', '1195351566221938690', 0, '2023-06-30 14:15:31', '2023-06-30 14:15:31');
INSERT INTO `acl_role_permission` VALUES ('1674662930727071763', '1193757683205607426', '1195351020463296513', 0, '2023-06-30 14:15:31', '2023-06-30 14:15:31');
INSERT INTO `acl_role_permission` VALUES ('1676055393651924994', '1', '1', 0, '2023-07-04 10:28:40', '2023-07-04 10:28:40');
INSERT INTO `acl_role_permission` VALUES ('1676055393660313601', '1', '1195268474480156673', 0, '2023-07-04 10:28:40', '2023-07-04 10:28:40');
INSERT INTO `acl_role_permission` VALUES ('1676055393660313602', '1', '1195268616021139457', 0, '2023-07-04 10:28:40', '2023-07-04 10:28:40');
INSERT INTO `acl_role_permission` VALUES ('1676055393660313603', '1', '1195269143060602882', 0, '2023-07-04 10:28:40', '2023-07-04 10:28:40');
INSERT INTO `acl_role_permission` VALUES ('1676055393660313604', '1', '1195269295926206466', 0, '2023-07-04 10:28:40', '2023-07-04 10:28:40');
INSERT INTO `acl_role_permission` VALUES ('1676055393677090817', '1', '1195269473479483394', 0, '2023-07-04 10:28:40', '2023-07-04 10:28:40');
INSERT INTO `acl_role_permission` VALUES ('1676055393677090818', '1', '1195269547269873666', 0, '2023-07-04 10:28:40', '2023-07-04 10:28:40');
INSERT INTO `acl_role_permission` VALUES ('1676055393677090819', '1', '1196301740985311234', 0, '2023-07-04 10:28:40', '2023-07-04 10:28:40');
INSERT INTO `acl_role_permission` VALUES ('1676055393677090820', '1', '1195268788138598401', 0, '2023-07-04 10:28:40', '2023-07-04 10:28:40');
INSERT INTO `acl_role_permission` VALUES ('1676055393677090821', '1', '1195269821262782465', 0, '2023-07-04 10:28:40', '2023-07-04 10:28:40');
INSERT INTO `acl_role_permission` VALUES ('1676055393677090822', '1', '1195269903542444034', 0, '2023-07-04 10:28:40', '2023-07-04 10:28:40');
INSERT INTO `acl_role_permission` VALUES ('1676055393677090823', '1', '1195270037005197313', 0, '2023-07-04 10:28:40', '2023-07-04 10:28:40');
INSERT INTO `acl_role_permission` VALUES ('1676055393677090824', '1', '1195270442602782721', 0, '2023-07-04 10:28:40', '2023-07-04 10:28:40');
INSERT INTO `acl_role_permission` VALUES ('1676055393677090825', '1', '1195270621548568578', 0, '2023-07-04 10:28:40', '2023-07-04 10:28:40');
INSERT INTO `acl_role_permission` VALUES ('1676055393677090826', '1', '1195268893830864898', 0, '2023-07-04 10:28:40', '2023-07-04 10:28:40');
INSERT INTO `acl_role_permission` VALUES ('1676055393677090827', '1', '1195270744097742849', 0, '2023-07-04 10:28:40', '2023-07-04 10:28:40');
INSERT INTO `acl_role_permission` VALUES ('1676055393693868033', '1', '1195270810560684034', 0, '2023-07-04 10:28:40', '2023-07-04 10:28:40');
INSERT INTO `acl_role_permission` VALUES ('1676055393693868034', '1', '1195270862100291586', 0, '2023-07-04 10:28:40', '2023-07-04 10:28:40');
INSERT INTO `acl_role_permission` VALUES ('1676055393693868035', '1', '1195270887933009922', 0, '2023-07-04 10:28:40', '2023-07-04 10:28:40');
INSERT INTO `acl_role_permission` VALUES ('1676055393693868036', '1', '1195349439240048642', 0, '2023-07-04 10:28:40', '2023-07-04 10:28:40');
INSERT INTO `acl_role_permission` VALUES ('1676055393693868037', '1', '1195349699995734017', 0, '2023-07-04 10:28:40', '2023-07-04 10:28:40');
INSERT INTO `acl_role_permission` VALUES ('1676055393693868038', '1', '1195349979797753857', 0, '2023-07-04 10:28:40', '2023-07-04 10:28:40');
INSERT INTO `acl_role_permission` VALUES ('1676055393693868039', '1', '1195350117270261762', 0, '2023-07-04 10:28:40', '2023-07-04 10:28:40');
INSERT INTO `acl_role_permission` VALUES ('1676055393693868040', '1', '1195350188359520258', 0, '2023-07-04 10:28:40', '2023-07-04 10:28:40');
INSERT INTO `acl_role_permission` VALUES ('1676055393693868041', '1', '1195349810561781761', 0, '2023-07-04 10:28:40', '2023-07-04 10:28:40');
INSERT INTO `acl_role_permission` VALUES ('1676055393693868042', '1', '1195349876252971010', 0, '2023-07-04 10:28:40', '2023-07-04 10:28:40');
INSERT INTO `acl_role_permission` VALUES ('1676055393693868043', '1', '1195350299365969922', 0, '2023-07-04 10:28:40', '2023-07-04 10:28:40');
INSERT INTO `acl_role_permission` VALUES ('1676055393693868044', '1', '1195350397751758850', 0, '2023-07-04 10:28:40', '2023-07-04 10:28:40');
INSERT INTO `acl_role_permission` VALUES ('1676055393693868045', '1', '1195350612172967938', 0, '2023-07-04 10:28:40', '2023-07-04 10:28:40');
INSERT INTO `acl_role_permission` VALUES ('1676055393693868046', '1', '1195350500512206850', 0, '2023-07-04 10:28:40', '2023-07-04 10:28:40');
INSERT INTO `acl_role_permission` VALUES ('1676055393693868047', '1', '1195350687590748161', 0, '2023-07-04 10:28:40', '2023-07-04 10:28:40');
INSERT INTO `acl_role_permission` VALUES ('1676055393807114241', '1', '1195350831744782337', 0, '2023-07-04 10:28:40', '2023-07-04 10:28:40');
INSERT INTO `acl_role_permission` VALUES ('1676055393807114242', '1', '1195350919074385921', 0, '2023-07-04 10:28:40', '2023-07-04 10:28:40');
INSERT INTO `acl_role_permission` VALUES ('1676055393807114243', '1', '1195351159672246274', 0, '2023-07-04 10:28:40', '2023-07-04 10:28:40');
INSERT INTO `acl_role_permission` VALUES ('1676055393807114244', '1', '1195351326706208770', 0, '2023-07-04 10:28:40', '2023-07-04 10:28:40');
INSERT INTO `acl_role_permission` VALUES ('1676055393807114245', '1', '1195351566221938690', 0, '2023-07-04 10:28:40', '2023-07-04 10:28:40');
INSERT INTO `acl_role_permission` VALUES ('1676055393807114246', '1', '1195351862889254913', 0, '2023-07-04 10:28:40', '2023-07-04 10:28:40');
INSERT INTO `acl_role_permission` VALUES ('1676055393807114247', '1', '1195351968841568257', 0, '2023-07-04 10:28:40', '2023-07-04 10:28:40');
INSERT INTO `acl_role_permission` VALUES ('1676055393807114248', '1', '1195352215768633346', 0, '2023-07-04 10:28:40', '2023-07-04 10:28:40');
INSERT INTO `acl_role_permission` VALUES ('1676055393807114249', '1', '1195352054917074946', 0, '2023-07-04 10:28:40', '2023-07-04 10:28:40');
INSERT INTO `acl_role_permission` VALUES ('1676055393807114250', '1', '1195352127734386690', 0, '2023-07-04 10:28:40', '2023-07-04 10:28:40');
INSERT INTO `acl_role_permission` VALUES ('1676055393807114251', '1', '1195352547621965825', 0, '2023-07-04 10:28:40', '2023-07-04 10:28:40');
INSERT INTO `acl_role_permission` VALUES ('1676055393807114252', '1', '1195353513549205505', 0, '2023-07-04 10:28:40', '2023-07-04 10:28:40');
INSERT INTO `acl_role_permission` VALUES ('1676055393807114253', '1', '1195352856645701633', 0, '2023-07-04 10:28:40', '2023-07-04 10:28:40');
INSERT INTO `acl_role_permission` VALUES ('1676055393807114254', '1', '1195352909401657346', 0, '2023-07-04 10:28:40', '2023-07-04 10:28:40');
INSERT INTO `acl_role_permission` VALUES ('1676055393807114255', '1', '1195353051395624961', 0, '2023-07-04 10:28:40', '2023-07-04 10:28:40');
INSERT INTO `acl_role_permission` VALUES ('1676055393823891457', '1', '1195353672110673921', 0, '2023-07-04 10:28:40', '2023-07-04 10:28:40');
INSERT INTO `acl_role_permission` VALUES ('1676055393823891458', '1', '1195354076890370050', 0, '2023-07-04 10:28:40', '2023-07-04 10:28:40');
INSERT INTO `acl_role_permission` VALUES ('1676055393823891459', '1', '1195354153482555393', 0, '2023-07-04 10:28:40', '2023-07-04 10:28:40');
INSERT INTO `acl_role_permission` VALUES ('1676055393823891460', '1', '1195354315093282817', 0, '2023-07-04 10:28:40', '2023-07-04 10:28:40');
INSERT INTO `acl_role_permission` VALUES ('1676067156795596802', '1196300996034977794', '1', 0, '2023-07-04 11:15:25', '2023-07-04 11:15:25');
INSERT INTO `acl_role_permission` VALUES ('1676067156795596803', '1196300996034977794', '1195268474480156673', 0, '2023-07-04 11:15:25', '2023-07-04 11:15:25');
INSERT INTO `acl_role_permission` VALUES ('1676067156795596804', '1196300996034977794', '1195268616021139457', 0, '2023-07-04 11:15:25', '2023-07-04 11:15:25');
INSERT INTO `acl_role_permission` VALUES ('1676067156795596805', '1196300996034977794', '1195269143060602882', 0, '2023-07-04 11:15:25', '2023-07-04 11:15:25');
INSERT INTO `acl_role_permission` VALUES ('1676067156795596806', '1196300996034977794', '1195269295926206466', 0, '2023-07-04 11:15:25', '2023-07-04 11:15:25');
INSERT INTO `acl_role_permission` VALUES ('1676067156795596807', '1196300996034977794', '1195269473479483394', 0, '2023-07-04 11:15:25', '2023-07-04 11:15:25');
INSERT INTO `acl_role_permission` VALUES ('1676067156795596808', '1196300996034977794', '1195269547269873666', 0, '2023-07-04 11:15:25', '2023-07-04 11:15:25');
INSERT INTO `acl_role_permission` VALUES ('1676067156795596809', '1196300996034977794', '1196301740985311234', 0, '2023-07-04 11:15:25', '2023-07-04 11:15:25');
INSERT INTO `acl_role_permission` VALUES ('1676067156795596810', '1196300996034977794', '1195268788138598401', 0, '2023-07-04 11:15:25', '2023-07-04 11:15:25');
INSERT INTO `acl_role_permission` VALUES ('1676067156795596811', '1196300996034977794', '1195269821262782465', 0, '2023-07-04 11:15:25', '2023-07-04 11:15:25');
INSERT INTO `acl_role_permission` VALUES ('1676067156795596812', '1196300996034977794', '1195269903542444034', 0, '2023-07-04 11:15:25', '2023-07-04 11:15:25');
INSERT INTO `acl_role_permission` VALUES ('1676067156795596813', '1196300996034977794', '1195270037005197313', 0, '2023-07-04 11:15:25', '2023-07-04 11:15:25');
INSERT INTO `acl_role_permission` VALUES ('1676067156795596814', '1196300996034977794', '1195270442602782721', 0, '2023-07-04 11:15:25', '2023-07-04 11:15:25');
INSERT INTO `acl_role_permission` VALUES ('1676067156795596815', '1196300996034977794', '1195270621548568578', 0, '2023-07-04 11:15:25', '2023-07-04 11:15:25');
INSERT INTO `acl_role_permission` VALUES ('1676067156795596816', '1196300996034977794', '1195268893830864898', 0, '2023-07-04 11:15:25', '2023-07-04 11:15:25');
INSERT INTO `acl_role_permission` VALUES ('1676067156812374018', '1196300996034977794', '1195270744097742849', 0, '2023-07-04 11:15:25', '2023-07-04 11:15:25');
INSERT INTO `acl_role_permission` VALUES ('1676067156812374019', '1196300996034977794', '1195270810560684034', 0, '2023-07-04 11:15:25', '2023-07-04 11:15:25');
INSERT INTO `acl_role_permission` VALUES ('1676067156812374020', '1196300996034977794', '1195270862100291586', 0, '2023-07-04 11:15:25', '2023-07-04 11:15:25');
INSERT INTO `acl_role_permission` VALUES ('1676067156812374021', '1196300996034977794', '1195270887933009922', 0, '2023-07-04 11:15:25', '2023-07-04 11:15:25');
INSERT INTO `acl_role_permission` VALUES ('1676067156812374022', '1196300996034977794', '1195349439240048642', 0, '2023-07-04 11:15:25', '2023-07-04 11:15:25');
INSERT INTO `acl_role_permission` VALUES ('1676067156812374023', '1196300996034977794', '1195349699995734017', 0, '2023-07-04 11:15:25', '2023-07-04 11:15:25');
INSERT INTO `acl_role_permission` VALUES ('1676067156812374024', '1196300996034977794', '1195349979797753857', 0, '2023-07-04 11:15:25', '2023-07-04 11:15:25');
INSERT INTO `acl_role_permission` VALUES ('1676067156812374025', '1196300996034977794', '1195350117270261762', 0, '2023-07-04 11:15:25', '2023-07-04 11:15:25');
INSERT INTO `acl_role_permission` VALUES ('1676067156812374026', '1196300996034977794', '1195350188359520258', 0, '2023-07-04 11:15:25', '2023-07-04 11:15:25');
INSERT INTO `acl_role_permission` VALUES ('1676067156812374027', '1196300996034977794', '1195349810561781761', 0, '2023-07-04 11:15:25', '2023-07-04 11:15:25');
INSERT INTO `acl_role_permission` VALUES ('1676067156812374028', '1196300996034977794', '1195349876252971010', 0, '2023-07-04 11:15:25', '2023-07-04 11:15:25');
INSERT INTO `acl_role_permission` VALUES ('1676067156812374029', '1196300996034977794', '1195350299365969922', 0, '2023-07-04 11:15:25', '2023-07-04 11:15:25');
INSERT INTO `acl_role_permission` VALUES ('1676067156812374030', '1196300996034977794', '1195350397751758850', 0, '2023-07-04 11:15:25', '2023-07-04 11:15:25');
INSERT INTO `acl_role_permission` VALUES ('1676067156812374031', '1196300996034977794', '1195350612172967938', 0, '2023-07-04 11:15:25', '2023-07-04 11:15:25');
INSERT INTO `acl_role_permission` VALUES ('1676067156812374032', '1196300996034977794', '1195350500512206850', 0, '2023-07-04 11:15:25', '2023-07-04 11:15:25');
INSERT INTO `acl_role_permission` VALUES ('1676067156812374033', '1196300996034977794', '1195350687590748161', 0, '2023-07-04 11:15:25', '2023-07-04 11:15:25');
INSERT INTO `acl_role_permission` VALUES ('1676067156921425921', '1196300996034977794', '1195350831744782337', 0, '2023-07-04 11:15:25', '2023-07-04 11:15:25');
INSERT INTO `acl_role_permission` VALUES ('1676067156921425922', '1196300996034977794', '1195350919074385921', 0, '2023-07-04 11:15:25', '2023-07-04 11:15:25');
INSERT INTO `acl_role_permission` VALUES ('1676067156921425923', '1196300996034977794', '1195351159672246274', 0, '2023-07-04 11:15:25', '2023-07-04 11:15:25');
INSERT INTO `acl_role_permission` VALUES ('1676067156921425924', '1196300996034977794', '1195351326706208770', 0, '2023-07-04 11:15:25', '2023-07-04 11:15:25');
INSERT INTO `acl_role_permission` VALUES ('1676067156921425925', '1196300996034977794', '1195351566221938690', 0, '2023-07-04 11:15:25', '2023-07-04 11:15:25');
INSERT INTO `acl_role_permission` VALUES ('1676067156921425926', '1196300996034977794', '1195351020463296513', 0, '2023-07-04 11:15:25', '2023-07-04 11:15:25');
INSERT INTO `acl_role_permission` VALUES ('1676067156921425927', '1196300996034977794', '1195351862889254913', 0, '2023-07-04 11:15:25', '2023-07-04 11:15:25');
INSERT INTO `acl_role_permission` VALUES ('1676067156921425928', '1196300996034977794', '1195351968841568257', 0, '2023-07-04 11:15:25', '2023-07-04 11:15:25');
INSERT INTO `acl_role_permission` VALUES ('1676067156921425929', '1196300996034977794', '1195352215768633346', 0, '2023-07-04 11:15:25', '2023-07-04 11:15:25');
INSERT INTO `acl_role_permission` VALUES ('1676067156921425930', '1196300996034977794', '1195352054917074946', 0, '2023-07-04 11:15:25', '2023-07-04 11:15:25');
INSERT INTO `acl_role_permission` VALUES ('1676067156921425931', '1196300996034977794', '1195352127734386690', 0, '2023-07-04 11:15:25', '2023-07-04 11:15:25');
INSERT INTO `acl_role_permission` VALUES ('1676067156921425932', '1196300996034977794', '1195352547621965825', 0, '2023-07-04 11:15:25', '2023-07-04 11:15:25');
INSERT INTO `acl_role_permission` VALUES ('1676067156921425933', '1196300996034977794', '1195352613549205505', 0, '2023-07-04 11:15:25', '2023-07-04 11:15:25');
INSERT INTO `acl_role_permission` VALUES ('1676067156921425934', '1196300996034977794', '1195352856645701633', 0, '2023-07-04 11:15:25', '2023-07-04 11:15:25');
INSERT INTO `acl_role_permission` VALUES ('1676067156921425935', '1196300996034977794', '1195352909401657346', 0, '2023-07-04 11:15:25', '2023-07-04 11:15:25');
INSERT INTO `acl_role_permission` VALUES ('1676067156921425936', '1196300996034977794', '1195353051395624961', 0, '2023-07-04 11:15:25', '2023-07-04 11:15:25');
INSERT INTO `acl_role_permission` VALUES ('1676067156921425937', '1196300996034977794', '1195353672110673921', 0, '2023-07-04 11:15:25', '2023-07-04 11:15:25');
INSERT INTO `acl_role_permission` VALUES ('1676067156921425938', '1196300996034977794', '1195354076890370050', 0, '2023-07-04 11:15:25', '2023-07-04 11:15:25');
INSERT INTO `acl_role_permission` VALUES ('1676067156921425939', '1196300996034977794', '1195354153482555393', 0, '2023-07-04 11:15:25', '2023-07-04 11:15:25');
INSERT INTO `acl_role_permission` VALUES ('1676067156921425940', '1196300996034977794', '1195354315093282817', 0, '2023-07-04 11:15:25', '2023-07-04 11:15:25');
INSERT INTO `acl_role_permission` VALUES ('2040088275951030274', '1', '1', 0, NULL, NULL);
INSERT INTO `acl_role_permission` VALUES ('2040088275951030275', '1', '1195268474480156673', 0, NULL, NULL);
INSERT INTO `acl_role_permission` VALUES ('2040088275951030276', '1', '1195268616021139457', 0, NULL, NULL);
INSERT INTO `acl_role_permission` VALUES ('2040088275951030277', '1', '1195269143060602882', 0, NULL, NULL);
INSERT INTO `acl_role_permission` VALUES ('2040088275951030278', '1', '1195269295926206466', 0, NULL, NULL);
INSERT INTO `acl_role_permission` VALUES ('2040088275951030279', '1', '1195269473479483394', 0, NULL, NULL);
INSERT INTO `acl_role_permission` VALUES ('2040088275951030280', '1', '1195269547269873666', 0, NULL, NULL);
INSERT INTO `acl_role_permission` VALUES ('2040088275951030281', '1', '1196301740985311234', 0, NULL, NULL);
INSERT INTO `acl_role_permission` VALUES ('2040088275951030282', '1', '1195268788138598401', 0, NULL, NULL);
INSERT INTO `acl_role_permission` VALUES ('2040088275951030283', '1', '1195269821262782465', 0, NULL, NULL);
INSERT INTO `acl_role_permission` VALUES ('2040088275951030284', '1', '1195269903542444034', 0, NULL, NULL);
INSERT INTO `acl_role_permission` VALUES ('2040088275951030285', '1', '1195270037005197313', 0, NULL, NULL);
INSERT INTO `acl_role_permission` VALUES ('2040088275951030286', '1', '1195270442602782721', 0, NULL, NULL);
INSERT INTO `acl_role_permission` VALUES ('2040088276013944833', '1', '1195270621548568578', 0, NULL, NULL);
INSERT INTO `acl_role_permission` VALUES ('2040088276013944834', '1', '1195268893830864898', 0, NULL, NULL);
INSERT INTO `acl_role_permission` VALUES ('2040088276013944835', '1', '1195270744097742849', 0, NULL, NULL);
INSERT INTO `acl_role_permission` VALUES ('2040088276013944836', '1', '1195270810560684034', 0, NULL, NULL);
INSERT INTO `acl_role_permission` VALUES ('2040088276013944837', '1', '1195270862100291586', 0, NULL, NULL);
INSERT INTO `acl_role_permission` VALUES ('2040088276013944838', '1', '1195270887933009922', 0, NULL, NULL);
INSERT INTO `acl_role_permission` VALUES ('2040088276013944839', '1', '1195349439240048642', 0, NULL, NULL);
INSERT INTO `acl_role_permission` VALUES ('2040088276013944840', '1', '1195349699995734017', 0, NULL, NULL);
INSERT INTO `acl_role_permission` VALUES ('2040088276013944841', '1', '1195349979797753857', 0, NULL, NULL);
INSERT INTO `acl_role_permission` VALUES ('2040088276013944842', '1', '1195350188359520258', 0, NULL, NULL);
INSERT INTO `acl_role_permission` VALUES ('2040088276013944843', '1', '2038621111754731521', 0, NULL, NULL);
INSERT INTO `acl_role_permission` VALUES ('2040088276013944844', '1', '2038621240293371906', 0, NULL, NULL);
INSERT INTO `acl_role_permission` VALUES ('2040088276013944845', '1', '2038621325903310850', 0, NULL, NULL);
INSERT INTO `acl_role_permission` VALUES ('2040088276013944846', '1', '2038621471886061569', 0, NULL, NULL);
INSERT INTO `acl_role_permission` VALUES ('2040088276013944847', '1', '2038621562986344449', 0, NULL, NULL);
INSERT INTO `acl_role_permission` VALUES ('2040088276013944848', '1', '2038621649925877762', 0, NULL, NULL);
INSERT INTO `acl_role_permission` VALUES ('2040088276013944849', '1', '1195350299365969922', 0, NULL, NULL);
INSERT INTO `acl_role_permission` VALUES ('2040088276013944850', '1', '1195350397751758850', 0, NULL, NULL);
INSERT INTO `acl_role_permission` VALUES ('2040088276013944851', '1', '1195350612172967938', 0, NULL, NULL);
INSERT INTO `acl_role_permission` VALUES ('2040088276013944852', '1', '2038624421140279298', 0, NULL, NULL);
INSERT INTO `acl_role_permission` VALUES ('2040088276013944853', '1', '1195350500512206850', 0, NULL, NULL);
INSERT INTO `acl_role_permission` VALUES ('2040088276013944854', '1', '1195350687590748161', 0, NULL, NULL);
INSERT INTO `acl_role_permission` VALUES ('2040088276013944855', '1', '2038624344799752194', 0, NULL, NULL);
INSERT INTO `acl_role_permission` VALUES ('2040088276013944856', '1', '1195351862889254913', 0, NULL, NULL);
INSERT INTO `acl_role_permission` VALUES ('2040088276013944857', '1', '1195351968841568257', 0, NULL, NULL);
INSERT INTO `acl_role_permission` VALUES ('2040088276013944858', '1', '1195352215768633346', 0, NULL, NULL);
INSERT INTO `acl_role_permission` VALUES ('2040088276013944859', '1', '1195352054917074946', 0, NULL, NULL);
INSERT INTO `acl_role_permission` VALUES ('2040088276013944860', '1', '1195352127734386690', 0, NULL, NULL);
INSERT INTO `acl_role_permission` VALUES ('2040088276013944861', '1', '1195354076890370050', 0, NULL, NULL);
INSERT INTO `acl_role_permission` VALUES ('2040088276013944862', '1', '1195354153482555393', 0, NULL, NULL);
INSERT INTO `acl_role_permission` VALUES ('2040088276013944863', '1', '1195354315093282817', 0, NULL, NULL);
INSERT INTO `acl_role_permission` VALUES ('2040088276013944864', '1', '1676510056486559745', 0, NULL, NULL);
INSERT INTO `acl_role_permission` VALUES ('2040088276013944865', '1', '1676510329451864065', 0, NULL, NULL);
INSERT INTO `acl_role_permission` VALUES ('2040088276013944866', '1', '1676517849331425282', 0, NULL, NULL);
INSERT INTO `acl_role_permission` VALUES ('2040088276013944867', '1', '1676517993258967042', 0, NULL, NULL);
INSERT INTO `acl_role_permission` VALUES ('2040088276013944868', '1', '1676518113207672833', 0, NULL, NULL);
INSERT INTO `acl_role_permission` VALUES ('2040088276013944869', '1', '1676510603935506434', 0, NULL, NULL);
INSERT INTO `acl_role_permission` VALUES ('2040088276013944870', '1', '1676517704908955650', 0, NULL, NULL);
INSERT INTO `acl_role_permission` VALUES ('2040088276013944871', '1', '2040067027279822849', 0, NULL, NULL);
INSERT INTO `acl_role_permission` VALUES ('2040088276013944872', '1', '2040067341567410177', 0, NULL, NULL);
INSERT INTO `acl_role_permission` VALUES ('2040088276013944873', '1', '2040067640298323969', 0, NULL, NULL);
INSERT INTO `acl_role_permission` VALUES ('2040088276013944874', '1', '2040067816593309697', 0, NULL, NULL);
INSERT INTO `acl_role_permission` VALUES ('2040088276013944875', '1', '2040067860495089666', 0, NULL, NULL);
INSERT INTO `acl_role_permission` VALUES ('2040088276013944876', '1', '2040067443568689154', 0, NULL, NULL);
INSERT INTO `acl_role_permission` VALUES ('2040088276013944877', '1', '2040067557406294017', 0, NULL, NULL);

-- ----------------------------
-- Table structure for acl_user
-- ----------------------------
DROP TABLE IF EXISTS `acl_user`;
CREATE TABLE `acl_user`  (
  `id` char(19) CHARACTER SET utf8mb4 COLLATE utf8mb4_general_ci NOT NULL COMMENT '会员id',
  `username` varchar(20) CHARACTER SET utf8mb4 COLLATE utf8mb4_general_ci NOT NULL DEFAULT '' COMMENT '微信openid',
  `password` varchar(32) CHARACTER SET utf8mb4 COLLATE utf8mb4_general_ci NOT NULL DEFAULT '' COMMENT '密码',
  `nick_name` varchar(50) CHARACTER SET utf8mb4 COLLATE utf8mb4_general_ci NULL DEFAULT NULL COMMENT '昵称',
  `salt` varchar(255) CHARACTER SET utf8mb4 COLLATE utf8mb4_general_ci NULL DEFAULT NULL COMMENT '用户头像',
  `token` varchar(100) CHARACTER SET utf8mb4 COLLATE utf8mb4_general_ci NULL DEFAULT NULL COMMENT '用户签名',
  `phone` varchar(64) CHARACTER SET utf8mb4 COLLATE utf8mb4_general_ci NULL DEFAULT NULL COMMENT '手机号',
  `email` varchar(64) CHARACTER SET utf8mb4 COLLATE utf8mb4_general_ci NULL DEFAULT NULL COMMENT '邮箱',
  `avatar` varchar(500) CHARACTER SET utf8mb4 COLLATE utf8mb4_general_ci NULL DEFAULT NULL COMMENT '头像',
  `gender` tinyint(4) NULL DEFAULT NULL COMMENT '性别（0-女；1-男）',
  `is_deleted` tinyint(1) UNSIGNED NOT NULL DEFAULT 0 COMMENT '逻辑删除 1（true）已删除， 0（false）未删除',
  `gmt_create` datetime NOT NULL COMMENT '创建时间',
  `gmt_modified` datetime NOT NULL COMMENT '更新时间',
  PRIMARY KEY (`id`) USING BTREE,
  UNIQUE INDEX `uk_username`(`username`) USING BTREE
) ENGINE = InnoDB CHARACTER SET = utf8mb4 COLLATE = utf8mb4_general_ci COMMENT = '用户表' ROW_FORMAT = DYNAMIC;

-- ----------------------------
-- Records of acl_user
-- ----------------------------
INSERT INTO `acl_user` VALUES ('1', 'admin', 'e10adc3949ba59abbe56e057f20f883e', 'admin', '', NULL, '15232154820', 'e@163.com', 'https://img1.baidu.com/it/u=3343919120,3675334302&fm=253&fmt=auto&app=138&f=JPEG?w=500&h=500', 1, 0, '2019-11-01 10:39:47', '2023-07-06 12:28:33');
INSERT INTO `acl_user` VALUES ('1674653076247572482', 'course', 'e10adc3949ba59abbe56e057f20f883e', 'course', NULL, NULL, '12312151234', 'e@163.com', 'https://img1.baidu.com/it/u=3343919120,3675334302&fm=253&fmt=auto&app=138&f=JPEG?w=500&h=500', 1, 0, '2019-11-01 12:39:47', '2019-11-01 12:39:47');
INSERT INTO `acl_user` VALUES ('1676593338305753089', 'helloWorld', 'e10adc3949ba59abbe56e057f20f883e', 'hi', NULL, NULL, '15232154820', 'e@163.com', 'https://pic2.zhimg.com/v2-5efdd705321f6d77ce77e9030a6c8153_r.jpg?source=1940ef5c', 1, 0, '2023-07-05 22:06:16', '2023-07-06 11:17:03');
INSERT INTO `acl_user` VALUES ('2', 'test', 'e10adc3949ba59abbe56e057f20f883e', 'test', NULL, NULL, '12312151234', 'e@163.com', 'https://img1.baidu.com/it/u=3343919120,3675334302&fm=253&fmt=auto&app=138&f=JPEG?w=500&h=500', 0, 0, '2019-11-01 16:36:07', '2019-11-01 16:40:08');
INSERT INTO `acl_user` VALUES ('2038960823040335873', 'test2', 'e10adc3949ba59abbe56e057f20f883e', '测试', NULL, NULL, '15232154820', 'e@163.com', 'https://pic2.zhimg.com/v2-5efdd705321f6d77ce77e9030a6c8153_r.jpg?source=1940ef5c', 1, 0, '2026-03-31 20:45:17', '2026-03-31 20:45:17');
INSERT INTO `acl_user` VALUES ('2038962229247860738', 'test3', 'e10adc3949ba59abbe56e057f20f883e', '测试用户3', NULL, NULL, '12312151234', 'e@163.com', 'https://img1.baidu.com/it/u=3343919120,3675334302&fm=253&fmt=auto&app=138&f=JPEG?w=500&h=500', 0, 0, '2026-03-31 20:50:52', '2026-03-31 20:50:52');

-- ----------------------------
-- Table structure for acl_user_role
-- ----------------------------
DROP TABLE IF EXISTS `acl_user_role`;
CREATE TABLE `acl_user_role`  (
  `id` char(19) CHARACTER SET utf8 COLLATE utf8_general_ci NOT NULL DEFAULT '' COMMENT '主键id',
  `role_id` char(19) CHARACTER SET utf8 COLLATE utf8_general_ci NOT NULL DEFAULT '0' COMMENT '角色id',
  `user_id` char(19) CHARACTER SET utf8 COLLATE utf8_general_ci NOT NULL DEFAULT '0' COMMENT '用户id',
  `is_deleted` tinyint(1) UNSIGNED NOT NULL DEFAULT 0 COMMENT '逻辑删除 1（true）已删除， 0（false）未删除',
  `gmt_create` datetime NOT NULL COMMENT '创建时间',
  `gmt_modified` datetime NOT NULL COMMENT '更新时间',
  PRIMARY KEY (`id`) USING BTREE,
  INDEX `idx_role_id`(`role_id`) USING BTREE,
  INDEX `idx_user_id`(`user_id`) USING BTREE
) ENGINE = InnoDB CHARACTER SET = utf8 COLLATE = utf8_general_ci ROW_FORMAT = DYNAMIC;

-- ----------------------------
-- Records of acl_user_role
-- ----------------------------
INSERT INTO `acl_user_role` VALUES ('1674662721460662274', '1', '1', 0, '2023-06-30 14:14:41', '2023-06-30 14:14:41');
INSERT INTO `acl_user_role` VALUES ('1674662996854468610', '1193757683205607426', '1674653076247572482', 0, '2023-06-30 14:15:47', '2023-06-30 14:15:47');
INSERT INTO `acl_user_role` VALUES ('1676067092031348737', '1196300996034977794', '2', 0, '2023-07-04 11:15:09', '2023-07-04 11:15:09');

SET FOREIGN_KEY_CHECKS = 1;
